{"cameraMode":{"drawMode":0,"name":"Shaded","section":"Shading Mode"},"sceneLighting":false,"audioPlay":false,"sceneViewState":{"showFog":true,"showMaterialUpdate":false,"showSkybox":true,"showFlares":true,"showImageEffects":true,"showParticleSystems":true},"in2DMode":false,"pivot":{"x":-0.660895586013794,"y":-2.985736608505249,"z":-0.2033700942993164},"rotation":{"x":-0.1962125450372696,"y":0.13774588704109193,"z":-0.027850784361362459,"w":-0.9704385995864868},"size":14.379349708557129,"orthographic":false}